Year,Crash Descriptor,Time,Time Label,Date,Day of Week,Police Report,Lighting Conditions,City,Collision Type Descriptor,County Name,Road Descriptor,Weather Conditions,Traffic Control Device,Road Surface Conditions,DOT Reference Marker Location,Pedestrian Bicyclist Action,Event Descriptor,Number of Vehicles Involved
2016,Property Damage & Injury Accident,21:53,Night,12/31/2016,Saturday,Y,Dark-Road Unlighted,Minneapolis,OTHER,JEFFERSON,Straight and Level,Snow,None,Snow/Ice,81I73051128,Not Applicable,"Sign Post, Collision With Fixed Object",1
2016,Property Damage Accident,13:29,Afternoon,12/30/2016,Friday,Y,Daylight,Minneapolis,LEFT TURN (3),JEFFERSON,Straight and Level,Cloudy,Stop Sign,Dry,,Not Applicable,"Other Motor Vehicle, Collision With",2
2016,Property Damage Accident,11:01,Morning,12/26/2016,Monday,Y,Daylight,Minneapolis,RIGHT ANGLE,JEFFERSON,Straight and Level,Sleet/Hail/Freezing Rain,None,Snow/Ice,11 73051117,Not Applicable,"Other Motor Vehicle, Collision With",2
2016,Property Damage Accident,06:31,Morning,12/22/2016,Thursday,Y,Dark-Road Unlighted,Minneapolis,OTHER,JEFFERSON,Straight and Grade,Snow,None,Slush,81I73051156,Not Applicable,"Guide Rail - Not At End, Collision With Fixed Object",1
2016,Property Damage Accident,14:36,Afternoon,12/22/2016,Thursday,Y,Daylight,Minneapolis,RIGHT ANGLE,JEFFERSON,Straight and Level,Snow,Stop Sign,Snow/Ice,11 73051116,Not Applicable,"Other Motor Vehicle, Collision With",2
2016,Property Damage Accident,22:08,Night,12/22/2016,Thursday,Y,Dark-Road Unlighted,Minneapolis,OTHER,JEFFERSON,Straight and Grade,Clear,None,Wet,81I73051157,Not Applicable,Deer,1
2016,Injury Accident,04:34,Morning,12/21/2016,Wednesday,Y,Dark-Road Unlighted,Minneapolis,OTHER,JEFFERSON,Straight and Level,Cloudy,No Passing Zone,Snow/Ice,,Not Applicable,"Snow Embankment, Collision With Fixed Object",1
2016,Property Damage Accident,17:30,Night,12/21/2016,Wednesday,N,Unknown,Kansas City,OTHER,STEUBEN,Unknown,Unknown,Unknown,Unknown,,Not Applicable,Deer,1
2016,Property Damage & Injury Accident,17:46,Night,12/19/2016,Monday,Y,Dusk,Kansas City,OTHER,STEUBEN,Straight and Level,Clear,None,Dry,17 64041319,Not Applicable,"Other Motor Vehicle, Collision With",3
2016,Property Damage & Injury Accident,12:30,Afternoon,12/16/2016,Friday,Y,Daylight,Kansas City,REAR END,STEUBEN,Straight and Level,Cloudy,None,Dry,,Not Applicable,"Other Motor Vehicle, Collision With",2
2016,Property Damage & Injury Accident,14:00,Afternoon,12/15/2016,Thursday,Y,Daylight,Minneapolis,OVERTAKING,JEFFERSON,Straight and Level,Snow,None,Wet,178 73011089,Not Applicable,"Other Motor Vehicle, Collision With",2
2016,Property Damage Accident,19:34,Night,12/14/2016,Wednesday,Y,Dark-Road Unlighted,Minneapolis,OTHER,JEFFERSON,Straight and Level,Snow,None,Snow/Ice,81I73051111,Not Applicable,"Earth Embankment/Rock Cut/Ditch, Collision With Fixed Object",1
2016,Property Damage Accident,06:59,Morning,12-08-2016,Thursday,Y,Dark-Road Unlighted,Minneapolis,OTHER,JEFFERSON,Straight and Grade,Snow,None,Snow/Ice,,Not Applicable,"Culver/Head Wall, Collision With Fixed Object",1
2016,Injury Accident,09:58,Morning,12-05-2016,Monday,Y,Daylight,Minneapolis,OTHER,JEFFERSON,Straight and Level,Snow,None,Slush,81I73051143,Not Applicable,"Guide Rail - Not At End, Collision With Fixed Object",1
2016,Injury Accident,10:19,Morning,12-05-2016,Monday,Y,Daylight,Minneapolis,OTHER,JEFFERSON,Straight and Level,Sleet/Hail/Freezing Rain,None,Slush,,Not Applicable,"Earth Embankment/Rock Cut/Ditch, Collision With Fixed Object",1
2016,Property Damage Accident,21:00,Night,12-04-2016,Sunday,Y,Dark-Road Unlighted,Minneapolis,OTHER,JEFFERSON,Straight and Level,Cloudy,No Passing Zone,Dry,,Not Applicable,Deer,1
2016,Property Damage Accident,18:42,Night,12-01-2016,Thursday,Y,Dark-Road Unlighted,Kansas City,OTHER,STEUBEN,Straight and Level,Rain,No Passing Zone,Wet,,Not Applicable,Deer,1
2016,Property Damage Accident,13:50,Afternoon,11/22/2016,Tuesday,Y,Daylight,Minneapolis,RIGHT ANGLE,JEFFERSON,Straight and Level,Cloudy,Stop Sign,Dry,,Not Applicable,"Other Motor Vehicle, Collision With",2
2016,Property Damage Accident,02:50,Morning,11/21/2016,Monday,Y,Dark-Road Unlighted,Minneapolis,OTHER,JEFFERSON,Straight and Level,Snow,None,Snow/Ice,81I73051161,Not Applicable,"Guide Rail - Not At End, Collision With Fixed Object",1
2016,Property Damage Accident,21:00,Night,11/21/2016,Monday,N,Unknown,Minneapolis,OTHER,JEFFERSON,Unknown,Unknown,Unknown,Snow/Ice,,Not Applicable,"Guide Rail - Not At End, Collision With Fixed Object",1
2016,Property Damage Accident,19:25,Night,11/19/2016,Saturday,Y,Dark-Road Unlighted,Minneapolis,OTHER,JEFFERSON,Straight and Level,Rain,None,Wet,81I73051105,Not Applicable,"Animal, Collision With",1
2016,Property Damage & Injury Accident,10:19,Morning,11/19/2016,Saturday,Y,Daylight,Minneapolis,RIGHT ANGLE,JEFFERSON,Straight at Hill Crest,Cloudy,Stop Sign,Dry,11 73051101,Not Applicable,"Other Motor Vehicle, Collision With",2
2016,Injury Accident,06:29,Morning,11/17/2016,Thursday,Y,Dark-Road Unlighted,Kansas City,OTHER,STEUBEN,Curve and Level,Clear,None,Wet,,Riding/Walking/Skating Along Highway With Traffic,"Bicyclist, Collision With",1
2016,Injury Accident,11:39,Morning,11/13/2016,Sunday,Y,Daylight,Minneapolis,OTHER,JEFFERSON,Straight and Level,Cloudy,None,Dry,81I73051096,Not Applicable,Deer,1
2016,Property Damage Accident,06:33,Morning,11-11-2016,Friday,Y,Dawn,Minneapolis,OTHER,JEFFERSON,Straight and Grade,Cloudy,None,Dry,,Not Applicable,Deer,1
2016,Property Damage Accident,07:05,Morning,11-08-2016,Tuesday,Y,Dawn,Kansas City,OTHER,STEUBEN,Straight and Level,Clear,No Passing Zone,Dry,,Not Applicable,Deer,1
2016,Property Damage & Injury Accident,16:06,Night,11-05-2016,Saturday,Y,Daylight,Kansas City,OTHER,STEUBEN,Straight and Level,Clear,No Passing Zone,Dry,,Not Applicable,"Guide Rail - Not At End, Collision With Fixed Object",1
2016,Property Damage Accident,23:46,Night,10/30/2016,Sunday,Y,Dark-Road Unlighted,Minneapolis,OTHER,JEFFERSON,Straight and Level,Cloudy,None,Dry,81I73051098,Not Applicable,Deer,1
2016,Property Damage Accident,12:24,Afternoon,10/27/2016,Thursday,Y,Daylight,Minneapolis,OTHER,JEFFERSON,Straight and Level,Snow,No Passing Zone,Snow/Ice,971P73011003,Not Applicable,"Guide Rail - Not At End, Collision With Fixed Object",1
2016,Property Damage Accident,21:05,Night,10/23/2016,Sunday,Y,Dark-Road Unlighted,Minneapolis,OTHER,JEFFERSON,Straight and Level,Clear,None,Dry,11 73051098,Not Applicable,Deer,1
2016,Property Damage Accident,14:00,Afternoon,10/20/2016,Thursday,N,Unknown,Minneapolis,Unknown,JEFFERSON,Unknown,Unknown,Unknown,Unknown,,Not Applicable,"Other Motor Vehicle, Collision With",2
2016,Property Damage Accident,18:32,Night,10/20/2016,Thursday,Y,Dark-Road Unlighted,Minneapolis,OTHER,JEFFERSON,Straight and Level,Rain,None,Wet,,Not Applicable,Deer,1
2016,Property Damage Accident,18:15,Night,10/18/2016,Tuesday,Y,Dark-Road Unlighted,Minneapolis,OTHER,JEFFERSON,Straight and Grade,Rain,None,Wet,81I73051164,Not Applicable,"Guide Rail - Not At End, Collision With Fixed Object",1
2016,Property Damage Accident,07:15,Morning,10-12-2016,Wednesday,Y,Daylight,Kansas City,OTHER,STEUBEN,Straight and Level,Clear,None,Dry,17 64041334,Not Applicable,Deer,1
2016,Property Damage Accident,17:20,Night,10-11-2016,Tuesday,Y,Daylight,Kansas City,REAR END,STEUBEN,Curve and Grade,Clear,None,Dry,17 64041321,Not Applicable,"Other Motor Vehicle, Collision With",2
2016,Property Damage Accident,09:20,Morning,10-11-2016,Tuesday,Y,Daylight,Kansas City,OTHER,STEUBEN,Straight and Grade,Fog/Smog/Smoke,No Passing Zone,Dry,,Not Applicable,Deer,1
2016,Property Damage Accident,06:24,Morning,10-10-2016,Monday,Y,Dark-Road Unlighted,Minneapolis,OTHER,JEFFERSON,Straight and Level,Clear,None,Dry,81I73051110,Not Applicable,"Animal, Collision With",1
2016,Property Damage Accident,17:05,Night,10-03-2016,Monday,Y,Daylight,Minneapolis,REAR END,JEFFERSON,Straight and Level,Clear,Traffic Signal,Dry,178 73011103,Not Applicable,"Other Motor Vehicle, Collision With",2
2016,Property Damage Accident,01:02,Morning,10-02-2016,Sunday,Y,Dark-Road Lighted,Kansas City,OTHER,STEUBEN,Straight and Level,Cloudy,None,Wet,,Not Applicable,"Tree, Collision With Fixed Object",1
2016,Property Damage Accident,21:40,Night,09/20/2016,Tuesday,Y,Dark-Road Unlighted,Kansas City,OTHER,STEUBEN,Straight and Level,Clear,None,Dry,,Not Applicable,Deer,1
2016,Property Damage & Injury Accident,15:32,Afternoon,09/17/2016,Saturday,Y,Daylight,Minneapolis,RIGHT ANGLE,JEFFERSON,Straight and Grade,Rain,Stop Sign,Wet,,Not Applicable,"Other Motor Vehicle, Collision With",2
2016,Property Damage Accident,20:35,Night,09-10-2016,Saturday,Y,Dark-Road Unlighted,Minneapolis,OTHER,JEFFERSON,Straight and Level,Cloudy,None,Dry,,Not Applicable,Deer,1
2016,Property Damage Accident,15:49,Afternoon,09-09-2016,Friday,Y,Daylight,Kansas City,REAR END,STEUBEN,Straight and Level,Clear,None,Dry,17 64041321,Not Applicable,"Other Motor Vehicle, Collision With",2
2016,Property Damage Accident,10:30,Morning,09-09-2016,Friday,N,Daylight,Minneapolis,OTHER,JEFFERSON,Straight and Level,Clear,None,Dry,,Not Applicable,"Guide Rail - End, Collision With Fixed Object",1
2016,Property Damage Accident,05:30,Morning,09-07-2016,Wednesday,Y,Dark-Road Unlighted,Kansas City,OTHER,STEUBEN,Curve and Grade,Cloudy,None,Dry,,Not Applicable,"Earth Embankment/Rock Cut/Ditch, Collision With Fixed Object",1
2016,Property Damage Accident,05:52,Morning,09-07-2016,Wednesday,Y,Dark-Road Unlighted,Minneapolis,OTHER,JEFFERSON,Straight and Level,Clear,None,Dry,,Not Applicable,Deer,1
2016,Property Damage Accident,17:55,Night,09-01-2016,Thursday,Y,Daylight,Minneapolis,OTHER,JEFFERSON,Straight and Level,Clear,None,Dry,,Not Applicable,"Light Support/Utility Pole, Collision With Fixed Object",1
2016,Property Damage Accident,00:34,Morning,08/31/2016,Wednesday,Y,Dark-Road Unlighted,Minneapolis,OTHER,JEFFERSON,Straight and Level,Clear,None,Dry,81I73051147,Not Applicable,Deer,1
2016,Property Damage Accident,16:25,Night,08/19/2016,Friday,Y,Daylight,Minneapolis,REAR END,JEFFERSON,Straight and Level,Clear,None,Dry,11 73051122,Not Applicable,"Other Motor Vehicle, Collision With",2
2016,Property Damage Accident,20:38,Night,08/19/2016,Friday,Y,Dark-Road Unlighted,Minneapolis,OTHER,JEFFERSON,Straight and Level,Clear,None,Dry,,Not Applicable,Deer,1
2016,Property Damage & Injury Accident,15:52,Afternoon,08-10-2016,Wednesday,Y,Daylight,Minneapolis,REAR END,JEFFERSON,Straight and Level,Clear,None,Dry,11 73051169,Not Applicable,"Other Motor Vehicle, Collision With",2
2016,Property Damage & Injury Accident,12:30,Afternoon,08-09-2016,Tuesday,Y,Daylight,Minneapolis,RIGHT ANGLE,JEFFERSON,Straight and Level,Clear,Stop Sign,Dry,,Not Applicable,"Other Motor Vehicle, Collision With",2
2016,Property Damage Accident,14:34,Afternoon,08-09-2016,Tuesday,Y,Daylight,Kansas City,OTHER,STEUBEN,Straight and Level,Clear,None,Dry,,Not Applicable,"Light Support/Utility Pole, Collision With Fixed Object",1
2016,Property Damage Accident,20:46,Night,08-07-2016,Sunday,Y,Dark-Road Unlighted,Kansas City,OTHER,STEUBEN,Straight and Level,Cloudy,No Passing Zone,Dry,,Not Applicable,Deer,1
2016,Property Damage Accident,22:36,Night,08-04-2016,Thursday,Y,Dark-Road Unlighted,Minneapolis,OTHER,JEFFERSON,Straight and Level,Clear,None,Dry,81I73051142,Not Applicable,Deer,1
2016,Property Damage Accident,18:30,Night,08-04-2016,Thursday,N,Daylight,Minneapolis,OTHER,JEFFERSON,Unknown,Clear,None,Dry,,Not Applicable,"Building/Wall, Collision With Fixed Object",1
2016,Property Damage Accident,08:08,Morning,08-02-2016,Tuesday,Y,Daylight,Minneapolis,REAR END,JEFFERSON,Straight and Level,Clear,None,Dry,178 73011100,Not Applicable,"Other Motor Vehicle, Collision With",2
2016,Property Damage Accident,05:58,Morning,07/31/2016,Sunday,Y,Dawn,Minneapolis,OTHER,JEFFERSON,Straight and Level,Clear,None,Dry,81I73051156,Not Applicable,"Guide Rail - Not At End, Collision With Fixed Object",1
2016,Property Damage Accident,21:52,Night,07/30/2016,Saturday,Y,Dark-Road Unlighted,Minneapolis,OTHER,JEFFERSON,Straight and Level,Cloudy,None,Dry,81I73051109,Not Applicable,Deer,1
2016,Property Damage Accident,10:45,Morning,07/26/2016,Tuesday,N,Unknown,Kansas City,REAR END,STEUBEN,Unknown,Unknown,Unknown,Unknown,17 64041320,Not Applicable,"Other Motor Vehicle, Collision With",2
2016,Property Damage & Injury Accident,00:13,Morning,07/24/2016,Sunday,Y,Dark-Road Lighted,Kansas City,LEFT TURN (3),STEUBEN,Straight and Level,Clear,No Passing Zone,Dry,17 64041331,Not Applicable,"Other Motor Vehicle, Collision With",2
2016,Injury Accident,21:18,Night,07/24/2016,Sunday,Y,Dark-Road Unlighted,Minneapolis,OTHER,JEFFERSON,Straight and Level,Clear,None,Dry,,Not Applicable,"Animal, Collision With",1
2016,Property Damage Accident,06:39,Morning,07/23/2016,Saturday,Y,Daylight,Minneapolis,OTHER,JEFFERSON,Straight and Grade,Clear,None,Dry,81I73051160,Not Applicable,Deer,1
2016,Injury Accident,15:10,Afternoon,07/22/2016,Friday,Y,Daylight,Minneapolis,OTHER,JEFFERSON,Straight and Level,Clear,None,Dry,177 73011022,Not Applicable,"Other*, Non-Collision",1
2016,Property Damage & Injury Accident,07:45,Morning,07/19/2016,Tuesday,Y,Daylight,Minneapolis,REAR END,JEFFERSON,Straight at Hill Crest,Clear,None,Dry,,Not Applicable,"Other Motor Vehicle, Collision With",2
2016,Property Damage Accident,00:00,Morning,07/18/2016,Monday,N,Daylight,Minneapolis,OTHER,JEFFERSON,Curve and Level,Clear,None,Dry,,Not Applicable,"Guide Rail - Not At End, Collision With Fixed Object",1
2016,Property Damage & Injury Accident,15:53,Afternoon,07-12-2016,Tuesday,Y,Daylight,Minneapolis,OTHER,JEFFERSON,Straight and Level,Cloudy,None,Dry,81I73051122,Not Applicable,"Earth Embankment/Rock Cut/Ditch, Collision With Fixed Object",1
2016,Property Damage & Injury Accident,05:55,Morning,07-09-2016,Saturday,Y,Daylight,Minneapolis,OTHER,JEFFERSON,Straight and Level,Rain,None,Wet,81I73051146,Not Applicable,"Sign Post, Collision With Fixed Object",1
2016,Injury Accident,12:35,Afternoon,07-09-2016,Saturday,Y,Daylight,Minneapolis,OTHER,JEFFERSON,Straight and Level,Cloudy,None,Dry,11 73051139,Not in Roadway (Indicate),"Bicyclist, Collision With",1
2016,Property Damage Accident,12:55,Afternoon,07-04-2016,Monday,Y,Daylight,Minneapolis,Unknown,JEFFERSON,Straight and Level,Clear,None,Dry,,Not Applicable,"Other Motor Vehicle, Collision With",2
2016,Property Damage Accident,10:40,Morning,06/30/2016,Thursday,Y,Daylight,Minneapolis,OTHER,JEFFERSON,Curve and Grade,Clear,None,Dry,,Not Applicable,"Animal, Collision With",1
2016,Property Damage Accident,17:04,Night,06/29/2016,Wednesday,Y,Daylight,Minneapolis,OVERTAKING,JEFFERSON,Straight and Grade,Clear,None,Dry,,Not Applicable,"Other Motor Vehicle, Collision With",2
2016,Property Damage Accident,23:13,Night,06/24/2016,Friday,Y,Dark-Road Unlighted,Minneapolis,OTHER,JEFFERSON,Straight and Level,Clear,None,Dry,81I73051116,Not Applicable,"Earth Embankment/Rock Cut/Ditch, Collision With Fixed Object",1
2016,Property Damage & Injury Accident,16:14,Night,06/19/2016,Sunday,Y,Daylight,Minneapolis,REAR END,JEFFERSON,Straight and Level,Clear,No Passing Zone,Dry,178 73011103,Not Applicable,"Other Motor Vehicle, Collision With",2
2016,Property Damage Accident,16:45,Night,06/17/2016,Friday,Y,Daylight,Minneapolis,OTHER,JEFFERSON,Curve and Level,Clear,No Passing Zone,Dry,178 73011075,Not Applicable,Deer,1
2016,Property Damage Accident,01:34,Morning,06/13/2016,Monday,Y,Dark-Road Unlighted,Minneapolis,OTHER,JEFFERSON,Straight and Level,Cloudy,None,Dry,81I73051131,Not Applicable,"Tree, Collision With Fixed Object",1
2016,Property Damage Accident,18:10,Night,06-08-2016,Wednesday,Y,Daylight,Minneapolis,OTHER,JEFFERSON,Straight and Level,Cloudy,None,Dry,,Not Applicable,Deer,1
2016,Property Damage Accident,22:05,Night,06-04-2016,Saturday,Y,Dark-Road Unlighted,Minneapolis,OTHER,JEFFERSON,Straight and Level,Cloudy,None,Dry,11 73051119,Not Applicable,Deer,1
2016,Property Damage Accident,16:30,Night,06-04-2016,Saturday,Y,Daylight,Minneapolis,OTHER,JEFFERSON,Straight and Level,Clear,None,Dry,81I73051123,Not Applicable,"Guide Rail - Not At End, Collision With Fixed Object",1
2016,Property Damage Accident,05:23,Morning,06-03-2016,Friday,Y,Daylight,Minneapolis,OTHER,JEFFERSON,Straight and Level,Clear,None,Dry,,Not Applicable,Deer,1
2016,Property Damage Accident,22:15,Night,06-01-2016,Wednesday,Y,Dark-Road Unlighted,Minneapolis,REAR END,JEFFERSON,Straight and Level,Clear,None,Dry,81I73051096,Not Applicable,"Other Motor Vehicle, Collision With",2
2016,Property Damage & Injury Accident,07:36,Morning,05/26/2016,Thursday,Y,Daylight,Minneapolis,RIGHT ANGLE,JEFFERSON,Straight and Level,Cloudy,No Passing Zone,Dry,,Not Applicable,"Other Motor Vehicle, Collision With",2
2016,Property Damage Accident,17:25,Night,05/25/2016,Wednesday,Y,Daylight,Minneapolis,REAR END,JEFFERSON,Straight and Level,Clear,None,Dry,,Not Applicable,"Other Motor Vehicle, Collision With",2
2016,Property Damage Accident,08:24,Morning,05/25/2016,Wednesday,Y,Daylight,Minneapolis,OTHER,JEFFERSON,Straight and Level,Cloudy,None,Dry,178 73011066,Not Applicable,Deer,1
2016,Property Damage Accident,13:45,Afternoon,05/23/2016,Monday,Y,Daylight,Minneapolis,SIDESWIPE,JEFFERSON,Straight and Level,Clear,None,Dry,178 73011099,Not Applicable,"Other Motor Vehicle, Collision With",2
2016,Property Damage Accident,16:23,Night,05/22/2016,Sunday,Y,Daylight,Minneapolis,OTHER,JEFFERSON,Straight and Level,Clear,None,Dry,,Not Applicable,"Building/Wall, Collision With Fixed Object",1
2016,Property Damage Accident,06:00,Morning,05/20/2016,Friday,N,Unknown,Kansas City,OTHER,STEUBEN,Unknown,Unknown,Unknown,Unknown,,Not Applicable,Deer,1
2016,Property Damage Accident,20:45,Night,05/16/2016,Monday,Y,Dark-Road Unlighted,Minneapolis,OTHER,JEFFERSON,Straight and Level,Cloudy,None,Dry,,Not Applicable,Deer,1
2016,Property Damage Accident,08:00,Morning,05-06-2016,Friday,Y,Daylight,Minneapolis,OTHER,JEFFERSON,Straight and Grade,Clear,None,Other,,Not Applicable,"Earth Embankment/Rock Cut/Ditch, Collision With Fixed Object",1
2016,Injury Accident,16:23,Night,05-04-2016,Wednesday,Y,Daylight,Minneapolis,LEFT TURN (3),JEFFERSON,Straight and Level,Clear,Stop Sign,Dry,177 73011001,Not Applicable,"Other Motor Vehicle, Collision With",2
2016,Property Damage & Injury Accident,20:56,Night,04/30/2016,Saturday,Y,Dark-Road Lighted,Minneapolis,RIGHT ANGLE,JEFFERSON,Curve and Level,Cloudy,No Passing Zone,Dry,11 73051115,Not Applicable,"Earth Embankment/Rock Cut/Ditch, Collision With Fixed Object",2
2016,Property Damage & Injury Accident,08:42,Morning,04/22/2016,Friday,Y,Daylight,Minneapolis,OTHER,JEFFERSON,Straight and Level,Cloudy,No Passing Zone,Dry,178 73011102,Not Applicable,"Building/Wall, Collision With Fixed Object",1
2016,Property Damage Accident,20:48,Night,04/22/2016,Friday,Y,Dark-Road Unlighted,Kansas City,OTHER,STEUBEN,Straight and Level,Clear,None,Dry,17 64041334,Not Applicable,"Animal, Collision With",1
2016,Property Damage Accident,01:38,Morning,04/18/2016,Monday,Y,Dark-Road Unlighted,Minneapolis,OTHER,JEFFERSON,Straight and Level,Clear,None,Dry,,Not Applicable,Deer,1
2016,Property Damage Accident,00:00,Morning,04/16/2016,Saturday,N,Unknown,Kansas City,OTHER,STEUBEN,Unknown,Unknown,Unknown,Unknown,,Not Applicable,Deer,1
2016,Property Damage & Injury Accident,12:24,Afternoon,04/13/2016,Wednesday,Y,Daylight,Minneapolis,RIGHT ANGLE,JEFFERSON,Straight and Level,Clear,Stop Sign,Dry,,Not Applicable,"Other Motor Vehicle, Collision With",2
2016,Property Damage Accident,16:23,Night,04-12-2016,Tuesday,Y,Daylight,Minneapolis,RIGHT ANGLE,JEFFERSON,Straight and Level,Cloudy,Stop Sign,Dry,11 73051115,Not Applicable,"Other Motor Vehicle, Collision With",2
2016,Property Damage Accident,06:21,Morning,04-11-2016,Monday,Y,Dawn,Minneapolis,OTHER,JEFFERSON,Straight and Level,Rain,None,Wet,,Not Applicable,Deer,1
2016,Property Damage & Injury Accident,22:35,Night,04-07-2016,Thursday,Y,Dark-Road Unlighted,Minneapolis,OTHER,JEFFERSON,Straight and Grade,Cloudy,No Passing Zone,Dry,,Not Applicable,"Tree, Collision With Fixed Object",1
2016,Fatal Accident,16:41,Night,03/23/2016,Wednesday,Y,Daylight,Minneapolis,HEAD ON,JEFFERSON,Straight at Hill Crest,Cloudy,No Passing Zone,Dry,,Not Applicable,"Other Motor Vehicle, Collision With",2
2016,Property Damage Accident,03:00,Morning,03/19/2016,Saturday,N,Unknown,Minneapolis,OTHER,JEFFERSON,Unknown,Unknown,Unknown,Unknown,,Not Applicable,Deer,1
2016,Injury Accident,10:30,Morning,03/19/2016,Saturday,N,Daylight,Kansas City,Unknown,STEUBEN,Straight and Level,Clear,Unknown,Dry,17 64041329,Not Applicable,"Other Motor Vehicle, Collision With",2
2016,Property Damage Accident,23:51,Night,03/17/2016,Thursday,Y,Dark-Road Unlighted,Minneapolis,OTHER,JEFFERSON,Straight and Level,Cloudy,None,Wet,178 73011068,Not Applicable,Deer,1
2016,Property Damage Accident,10:45,Morning,03/13/2016,Sunday,N,Dark-Road Unlighted,Minneapolis,REAR END,JEFFERSON,Unknown,Rain,None,Wet,,Not Applicable,"Other Motor Vehicle, Collision With",2
2016,Property Damage Accident,11:50,Morning,03-11-2016,Friday,N,Unknown,Minneapolis,OTHER,JEFFERSON,Unknown,Unknown,Unknown,Unknown,,Not Applicable,Deer,1
2016,Property Damage Accident,00:00,Morning,03-06-2016,Sunday,N,Dark-Road Unlighted,Kansas City,OTHER,STEUBEN,Curve and Level,Clear,None,Dry,,Not Applicable,"Animal, Collision With",1
2016,Injury Accident,01:18,Morning,03-02-2016,Wednesday,Y,Dark-Road Unlighted,Minneapolis,OTHER,JEFFERSON,Straight and Level,Sleet/Hail/Freezing Rain,None,Snow/Ice,81I73051101,Not Applicable,"Guide Rail - Not At End, Collision With Fixed Object",1
2016,Property Damage Accident,20:15,Night,02/27/2016,Saturday,N,Unknown,Minneapolis,OTHER,JEFFERSON,Unknown,Unknown,Unknown,Unknown,,Not Applicable,Deer,1
2016,Property Damage Accident,16:50,Night,02/18/2016,Thursday,Y,Daylight,Minneapolis,OTHER,JEFFERSON,Straight and Level,Clear,Traffic Signal,Dry,,Not Applicable,"Building/Wall, Collision With Fixed Object",1
2016,Property Damage Accident,14:16,Afternoon,02/17/2016,Wednesday,Y,Daylight,Minneapolis,OTHER,JEFFERSON,Straight and Level,Snow,None,Snow/Ice,81I73051097,Not Applicable,"Snow Embankment, Collision With Fixed Object",1
2016,Property Damage Accident,10:22,Morning,02/15/2016,Monday,Y,Daylight,Kansas City,OTHER,STEUBEN,Curve and Grade,Cloudy,No Passing Zone,Wet,,Not Applicable,"Guide Rail - Not At End, Collision With Fixed Object",1
2016,Property Damage & Injury Accident,20:02,Night,02/14/2016,Sunday,Y,Dark-Road Unlighted,Minneapolis,OTHER,JEFFERSON,Straight and Level,Clear,None,Dry,81I73051118,Not Applicable,"Snow Embankment, Collision With Fixed Object",1
2016,Property Damage Accident,02:40,Morning,02/14/2016,Sunday,Y,Dark-Road Unlighted,Minneapolis,OTHER,JEFFERSON,Curve and Grade,Cloudy,None,Snow/Ice,11 73051169,Not Applicable,"Tree, Collision With Fixed Object",1
2016,Property Damage Accident,07:05,Morning,02-05-2016,Friday,Y,Dawn,Kansas City,OTHER,STEUBEN,Curve and Grade,Snow,None,Snow/Ice,,Not Applicable,"Earth Embankment/Rock Cut/Ditch, Collision With Fixed Object",1
2016,Property Damage Accident,21:29,Night,01/18/2016,Monday,Y,Dark-Road Unlighted,Minneapolis,HEAD ON,JEFFERSON,Straight and Level,Clear,None,Dry,,Not Applicable,"Other Motor Vehicle, Collision With",2